month,fix_count,active_projects,pooled_Hardware Adaptation,adjusted_Hardware Adaptation,pooled_Tests/Bench,adjusted_Tests/Bench,pooled_Config/Entrypoint,adjusted_Config/Entrypoint,pooled_Compiler/Optimization,adjusted_Compiler/Optimization,pooled_Scheduler/Runtime,adjusted_Scheduler/Runtime,pooled_Docs,adjusted_Docs,pooled_Operators/Backend,adjusted_Operators/Backend,pooled_Other,adjusted_Other,pooled_Build/Release,adjusted_Build/Release
2023-01,32,2,0.0,0.0,3.125,2.803152075900734,3.125,3.947500250475904,3.125,2.803152075900734,70.3125,68.22048849335476,0.0,0.0,3.125,2.803152075900734,7.8125,8.72440245161459,9.375,10.698152576852541
2023-02,27,3,0.0,0.0,7.407407407407407,1.0179384965831437,0.0,0.0,0.0,0.0,62.96296296296296,94.05846621108581,7.407407407407407,1.4438591495823845,7.407407407407407,1.0179384965831437,11.11111111111111,1.9528283978739562,3.7037037037037037,0.5089692482915719
2023-03,90,4,1.1111111111111112,0.3100015608470197,2.2222222222222223,0.6200031216940394,2.7777777777777777,0.7750039021175492,0.0,0.0,32.77777777777778,69.33140748577092,2.2222222222222223,0.6200031216940394,46.111111111111114,22.53235224784452,6.111111111111111,2.4827704649204447,6.666666666666667,3.3284580951114657
2023-04,93,4,1.075268817204301,0.6656916190222931,3.763440860215054,2.1291125589091284,0.0,0.0,0.0,0.0,34.946236559139784,67.26951475439918,4.838709677419355,1.589955531918037,33.333333333333336,19.431591543677705,11.290322580645162,3.5766384338277772,10.75268817204301,5.3374955582458785
2023-05,130,5,3.4615384615384617,2.989748863749461,2.6923076923076925,4.085724948748458,4.615384615384615,21.31299308313872,1.0256410256410255,6.818542053920084,41.15384615384615,33.76786070309198,3.076923076923077,0.7789292607199799,27.179487179487182,19.8078045255031,6.923076923076923,3.196605439995282,9.871794871794872,7.241791121132925
2023-06,134,5,12.313432835820896,8.715667985618476,4.850746268656716,5.201457517057081,3.3582089552238807,9.371292465191935,0.746268656716418,0.1999944057508881,36.940298507462686,50.32971152477995,2.985074626865672,0.80410034137081,23.880597014925375,14.619744949015155,7.835820895522388,2.8601667385593164,7.08955223880597,7.897864072656386
2023-07,150,5,10.666666666666666,7.618323030591219,2.3333333333333335,0.941501194243582,7.333333333333333,17.498797439131124,0.0,0.0,48.0,51.443339927022485,2.0,1.0668889923157225,17.666666666666668,12.196362150319551,4.0,4.004382972565073,8.0,5.230404293811249
2023-08,174,5,7.088122605363984,3.6520390372030884,1.4367816091954022,2.243606072957,7.471264367816092,13.566387844205247,0.19157088122605362,0.0809501166134547,39.84674329501916,55.36163556735875,3.4482758620689653,1.485185942948146,32.47126436781609,16.443100116268884,3.4482758620689653,1.6228897457576983,4.597701149425287,5.544205556687725
2023-09,144,5,9.027777777777779,6.189887462355366,3.8194444444444446,3.424017276906007,3.4722222222222223,7.371611982881597,4.050925925925926,6.675885523015673,42.93981481481482,50.72666498839194,2.7777777777777777,2.778930426188545,17.939814814814813,11.335509263144154,4.166666666666667,4.036778691505133,11.805555555555555,7.460714385611591
2023-10,139,6,6.83453237410072,5.848525775958901,0.3597122302158273,0.12638001675639943,5.755395683453237,7.39765395351127,4.316546762589928,6.663842182945892,47.12230215827338,48.741588413181546,1.4388489208633093,7.399276665070633,23.381294964028775,12.878807815829912,7.553956834532374,7.356950324830358,3.237410071942446,3.586974851915091
2023-11,136,6,13.235294117647058,14.769665493370596,1.838235294117647,10.952109927636393,5.3921568627450975,4.557829886607191,5.882352941176471,1.2224571103341737,41.42156862745099,45.16238637506741,2.9411764705882355,2.3651167923059946,18.259803921568626,11.859564693350842,4.779411764705882,2.4158937530403533,6.25,6.694975968287037
2023-12,136,6,12.5,22.08902198194424,4.779411764705882,7.94509038675231,15.196078431372552,13.85114215101408,5.514705882352941,4.477257457816425,30.63725490196078,30.693217296473843,0.7352941176470589,1.3740954549150337,18.627450980392155,9.467437102252754,6.862745098039215,6.175861611995429,5.147058823529412,3.926876556835883
2024-01,181,6,11.233885819521179,12.735891993835589,2.394106813996317,4.389042469577472,7.18232044198895,7.03505705070873,3.591160220994475,5.339771572868741,38.39779005524862,40.24840681629781,2.2099447513812156,9.02764732764929,24.585635359116022,12.814490337967857,7.0902394106813995,4.580587083776297,3.314917127071823,3.82910534731821
2024-02,208,5,8.092948717948717,7.518899483879484,4.8076923076923075,8.681931834570921,11.458333333333334,16.069310524374718,2.8044871794871793,2.482796417651387,39.66346153846154,40.300267266282205,1.6025641025641026,0.8771426609808753,21.07371794871795,14.444260799943159,5.208333333333334,3.6628898001726733,5.288461538461538,5.962501212144579
2024-03,199,5,5.276381909547739,3.0623852013463493,5.025125628140704,8.081376123123206,12.311557788944723,13.940982225827405,4.271356783919598,2.882905373276272,30.65326633165829,41.94690902196986,2.0100502512562812,2.526162438346713,31.90954773869347,19.20746972112668,4.0201005025125625,3.840327698681311,4.522613065326633,4.511482196302201
2024-04,236,6,4.80225988700565,4.460406243082376,3.6016949152542375,17.522687057702246,9.533898305084746,8.171647225624822,4.166666666666666,3.421347097202014,45.1271186440678,40.01880455441575,5.084745762711864,3.7147233619510365,19.42090395480226,15.373763148579435,5.932203389830509,5.168493892712416,2.330508474576271,2.1481274187299033
2024-05,259,6,10.231660231660232,21.385665338839356,4.44015444015444,5.0434835324347045,12.419562419562421,13.365266193570914,3.861003861003861,3.629212840871191,38.481338481338476,32.560738875512996,1.1583011583011582,1.6469480407747272,22.072072072072075,13.977195461639745,5.598455598455598,6.515305164892861,1.7374517374517375,1.876184551463502
2024-06,283,5,6.478209658421672,6.255820366107031,8.480565371024735,10.267952265227017,9.481743227326264,10.877517376944779,1.5901060070671378,1.9932155413526231,42.52061248527679,42.868125118529086,1.4134275618374559,1.242141176992402,18.96348645465253,16.88810362332407,6.713780918727915,5.60867597202997,4.358068315665489,3.9984485594930232
2024-07,324,5,7.458847736625516,7.991483407386955,4.012345679012346,4.896498345936936,8.796296296296296,9.008935008359792,1.2345679012345678,1.3203411409200374,49.485596707818935,49.038164032607455,2.314814814814815,2.591254684807674,16.512345679012345,16.017389392521693,6.0699588477366255,5.411238340176263,4.1152263374485605,3.724695647283195
2024-08,282,5,6.205673758865248,6.1960115290995725,5.319148936170213,5.331824850407459,13.947990543735225,13.993870398648031,1.891252955082742,1.9767639957672807,44.621749408983455,43.391102545956784,2.482269503546099,2.7151925262145067,16.31205673758865,17.515693171019564,4.609929078014185,4.004216161873231,4.609929078014185,4.875324821013575
2024-09,275,6,8.787878787878787,14.49421400981077,6.909090909090909,12.877320029384043,11.03030303030303,9.79345115419864,1.575757575757576,1.3181847725693572,41.39393939393939,35.98090964008027,0.36363636363636365,0.3059726721470723,16.666666666666668,13.993609838800506,6.7272727272727275,5.5717590527598615,6.545454545454546,5.66457883024948
2024-10,241,6,6.777316735822961,20.994571971675537,8.298755186721992,6.472670922769687,11.756569847856154,10.092628603993479,2.4896265560165975,1.8415153094921417,45.57399723374827,34.73222931007384,1.6597510373443984,1.7288175683167144,13.485477178423237,16.456416838931123,6.431535269709544,4.404503561656463,3.5269709543568464,3.2766459130910137
2024-11,267,6,12.23470661672909,24.136302215820876,4.681647940074907,3.7547897170630726,13.046192259675404,10.883127677175974,1.2484394506866416,1.2105771923643294,41.69787765293383,37.538411304571156,1.1235955056179776,0.952329328620084,12.734082397003744,11.550106667595895,6.991260923845194,5.0942327224951836,6.242197253433209,4.880123174293432
2024-12,208,5,9.615384615384615,9.537340573186107,3.125,2.982285765018027,17.708333333333336,16.913378888399606,2.3237179487179485,2.1408611370083728,46.07371794871794,47.34780908316246,0.4807692307692308,0.44293678696724964,12.5,12.548322958457533,5.769230769230769,5.7691842232334904,2.4038461538461537,2.3178805845671526
2025-01,281,6,12.633451957295375,24.007915961714993,5.871886120996441,5.358874764582012,10.972716488730724,9.42983929419076,1.9572953736654803,2.2447379196851895,44.424673784104385,38.20866200787594,1.0676156583629892,1.5557218903497656,11.387900355871887,9.441233641608223,6.8801897983392655,5.961461693059437,4.804270462633452,3.79155282693368
2025-02,303,6,10.231023102310232,18.064920721742414,7.260726072607261,5.290267501422879,12.376237623762377,9.861617669264632,3.6303630363036303,6.441076404691333,44.884488448844884,38.064022292313204,1.155115511551155,3.53955324562691,12.706270627062706,12.11104473351404,2.6402640264026402,2.356805220147768,5.115511551155116,4.2706922112768115
2025-03,428,6,13.161993769470406,18.31127019072954,8.995327102803738,9.452859450838657,10.591900311526478,9.829643471283982,5.7632398753894085,5.135265217820947,44.78193146417445,37.34677336322501,0.2336448598130841,0.17362216939359632,10.630841121495328,12.610252619230243,3.5046728971962615,4.50383408372218,2.336448598130841,2.6364794337558366
2025-04,547,5,26.96526508226691,19.29133947907284,11.639244363193175,8.832861348966285,8.287629494210847,9.330884658566166,2.3461304082876295,2.488149458332133,31.901279707495437,34.815575055958085,1.6453382084095065,1.6224663542176059,9.750152346130408,14.872735546388698,5.027422303473492,6.122094927230583,2.4375380865326024,2.623893171267608
2025-05,578,5,25.951557093425606,19.66694753470604,9.429065743944637,8.042273608476437,11.332179930795848,13.114004050071546,1.3840830449826989,1.3382923952890007,28.89273356401384,31.31198689064605,1.9031141868512111,1.6911804754676412,12.370242214532873,15.080022940079479,6.401384083044983,7.295642359575896,2.3356401384083045,2.459649745687921
2025-06,492,6,21.646341463414632,15.657542193692084,13.380758807588075,11.035076423315788,11.6869918699187,14.482675014921595,4.369918699186992,4.392491305581549,30.826558265582655,34.72299266928376,1.4227642276422765,1.4431007210549833,10.264227642276422,12.102855057313045,3.1504065040650406,2.9509103195899917,3.252032520325203,3.212356295247208
2025-07,625,6,26.826666666666668,19.2165209353333,13.44,9.081279851385364,9.28,11.305157029055884,4.64,4.568486419915621,28.186666666666664,31.08865824054905,1.68,1.9117883231633013,8.666666666666668,16.734847899282936,4.08,3.020728493397627,3.2,3.0725328079169127
2025-08,574,5,24.622531939605107,22.30102988648537,18.524970963995354,13.183901110681129,7.491289198606272,7.813047833846141,4.790940766550523,4.465455222760218,28.62950058072009,30.596734840233434,1.7421602787456445,1.4535278137867613,7.317073170731708,13.710665496199528,4.878048780487805,4.477510119172345,2.0034843205574915,1.9981276768350718
2025-09,557,6,27.618192698982647,22.737780725893874,9.066427289048473,7.1237793536595575,11.938958707360861,11.367882643311074,4.6379413524835424,4.0597037766950415,33.45302214242969,34.69958307325401,1.3464991023339319,2.5413103822774596,8.5278276481149,13.474454558393518,2.154398563734291,2.3088779209024235,1.2567324955116697,1.6866275656130412
2025-10,521,5,20.72936660268714,17.881976192325745,13.723608445297504,10.58975602533536,11.484325015994882,13.083737486344347,4.446577095329494,5.572654280151446,37.17210492642354,35.819138218008405,0.5758157389635317,0.6293064761484783,7.677543186180422,12.418305837056357,3.166986564299424,2.670263581790556,1.023672424824056,1.3348619028393103
2025-11,518,5,22.265122265122262,20.483133931489704,11.132561132561131,9.212487329194749,10.617760617760618,10.127838443191004,4.1184041184041185,7.394896488929289,38.06306306306306,37.44928052300919,0.7722007722007722,0.7098508747126087,8.397683397683398,10.410738436456903,3.3783783783783785,3.0096945912045197,1.2548262548262548,1.2020793818120286
2025-12,561,6,20.469399881164584,20.39909539035631,10.754604872251932,9.667543483801081,12.834224598930481,13.345258876483326,3.713606654783125,4.437051491690081,35.94771241830065,34.094319600065695,0.5347593582887701,0.48564141667242333,10.516934046345812,11.560362790534539,3.0005941770647655,2.6207724671960393,2.228163992869875,3.3899544832004955
2026-01,522,5,23.91443167305236,19.950525898511806,15.070242656449553,12.195698046662223,6.768837803320562,6.714283086849191,4.725415070242656,4.315364396937413,36.39846743295019,40.01932219733459,0.19157088122605365,0.2900355785987728,8.205619412515965,12.097106892247778,3.607918263090677,3.081711251044154,1.1174968071519795,1.335952651814076
2026-02,585,5,20.341880341880337,19.576440490519268,11.851851851851853,10.027066714617797,11.31054131054131,10.373380658391019,5.3276353276353285,5.748307360402284,39.658119658119666,36.893695482875,0.3418803418803419,0.26061391815641943,6.8091168091168095,12.259185807325286,2.9914529914529915,2.8057315909526785,1.3675213675213675,2.0555779767602465
2026-03,859,5,22.526193247962752,19.726951866557407,11.757857974388823,10.068670216457608,12.010089251067132,12.554876028641864,3.977493209157936,4.567534400439715,33.915405510283264,33.99689011027218,1.2223515715948778,1.0738415051865053,10.768335273573921,14.430435136901677,2.5223127667830814,2.337702743187094,1.2999611951882035,1.24309799235595
